Name,LaTeX,📐 ISQ Quantities,Last edited by,Last edited time
I,$I$,"electric current (https://app.notion.com/p/electric-current-2ec50445913e4114b8d129774c98cf40?pvs=21), length (https://app.notion.com/p/length-788561f5dc3b4847b77dac2496bbf737?pvs=21)",Steven Jenkins,"August 18, 2026 9:40 AM"
L,$L$,length (https://app.notion.com/p/length-788561f5dc3b4847b77dac2496bbf737?pvs=21),Steven Jenkins,"August 18, 2026 9:41 AM"
phi,$\phi$,"phase angle (https://app.notion.com/p/phase-angle-3c0b24cf917a809290b8fdd7c6e29b96?pvs=21), rotational displacement (https://app.notion.com/p/rotational-displacement-3c0b24cf917a808ca18becd92a0e2c83?pvs=21)",Steven Jenkins,"August 18, 2026 10:11 AM"
theta,$\theta$,"rotational displacement (https://app.notion.com/p/rotational-displacement-3c0b24cf917a808ca18becd92a0e2c83?pvs=21), relative volume strain (https://app.notion.com/p/relative-volume-strain-3c2b24cf917a80249d65c83a66133ef4?pvs=21), Celsius temperature (https://app.notion.com/p/Celsius-temperature-3c4b24cf917a801b8c51d860a7935f86?pvs=21)",Steven Jenkins,"August 18, 2026 10:11 AM"
gamma,$\alpha$,"angular measure (https://app.notion.com/p/angular-measure-857d6f7e1f5e4a059bc2c801ac2c0c0c?pvs=21), propagation coefficient (https://app.notion.com/p/propagation-coefficient-3c0b24cf917a804bbf5ffa0c5807eba8?pvs=21), shear strain (https://app.notion.com/p/shear-strain-3c2b24cf917a808494b2c69b2e9f2c0b?pvs=21), surface tension (https://app.notion.com/p/surface-tension-3c2b24cf917a80459041fec2673f4779?pvs=21), cubic expansion coefficient (https://app.notion.com/p/cubic-expansion-coefficient-3c4b24cf917a8019bf8df4a2d5dbeecf?pvs=21)",Steven Jenkins,"August 18, 2026 10:06 AM"
beta,$\beta$,"angular measure (https://app.notion.com/p/angular-measure-857d6f7e1f5e4a059bc2c801ac2c0c0c?pvs=21), phase coefficient (https://app.notion.com/p/phase-coefficient-3c0b24cf917a80d8bec0e26e16f15ff2?pvs=21)",Steven Jenkins,"August 18, 2026 10:07 AM"
alpha,$\alpha$,"angular measure (https://app.notion.com/p/angular-measure-857d6f7e1f5e4a059bc2c801ac2c0c0c?pvs=21), attenuation (https://app.notion.com/p/attenuation-3c0b24cf917a80e7b07ff4b6fc47e6f2?pvs=21)",Steven Jenkins,"August 20, 2026 1:22 PM"
(S),$(S)$,volume (https://app.notion.com/p/volume-3c0b24cf917a80c7a55bc128351ae510?pvs=21),Steven Jenkins,"August 18, 2026 10:05 AM"
V,$V$,"volume (https://app.notion.com/p/volume-3c0b24cf917a80c7a55bc128351ae510?pvs=21), potential energy (https://app.notion.com/p/potential-energy-3c0b24cf917a808b8862f519aa141277?pvs=21)",Steven Jenkins,"August 18, 2026 10:05 AM"
n,$n$,amount of substance (https://app.notion.com/p/amount-of-substance-891f7d9c5ab149998297aa54a69c2797?pvs=21),Steven Jenkins,"August 18, 2026 9:44 AM"
I_v,$I_v$,luminous intensity (https://app.notion.com/p/luminous-intensity-cb38b21d289149768d1ba6a3da6db5bc?pvs=21),Steven Jenkins,"August 18, 2026 9:44 PM"
T,$T$,"thermodynamic temperature (https://app.notion.com/p/thermodynamic-temperature-3563a23de696430dba1318bc426334f3?pvs=21), period duration (https://app.notion.com/p/period-duration-3c0b24cf917a80b5ba2ae32422434844?pvs=21), time constant (https://app.notion.com/p/time-constant-3c0b24cf917a8060b1fcce89ecf3fd8a?pvs=21), torque (https://app.notion.com/p/torque-3c2b24cf917a80e58d2ce38526bec133?pvs=21)",Steven Jenkins,"August 18, 2026 9:57 AM"
m,$m$,mass (https://app.notion.com/p/mass-3e1ff023e9d445899881756103f798f5?pvs=21),Steven Jenkins,"August 18, 2026 9:59 AM"
t,$t$,"duration (https://app.notion.com/p/duration-3639ccb0ce424e6eac600df6c261ab15?pvs=21), Celsius temperature (https://app.notion.com/p/Celsius-temperature-3c4b24cf917a801b8c51d860a7935f86?pvs=21)",Steven Jenkins,"August 18, 2026 9:59 AM"
S,$S$,"area (https://app.notion.com/p/area-3c0b24cf917a80948cf9df8690dcfe64?pvs=21), action (https://app.notion.com/p/action-3c3b24cf917a80d2922dc40c3efd73a5?pvs=21)",Steven Jenkins,"August 20, 2026 11:30 PM"
A,$A$,"area (https://app.notion.com/p/area-3c0b24cf917a80948cf9df8690dcfe64?pvs=21), mechanical work (https://app.notion.com/p/mechanical-work-484e3ebc766846ad841853990b0e3526?pvs=21)",Steven Jenkins,"August 18, 2026 10:00 AM"
kappa,$\kappa$,"curvature (https://app.notion.com/p/curvature-3c0b24cf917a800d910ae19f93d69212?pvs=21), compressibility (https://app.notion.com/p/compressibility-3c2b24cf917a80eca66ae115b6dd9df5?pvs=21)",Steven Jenkins,"August 18, 2026 10:00 AM"
Delta vector r,$\Delta {\boldsymbol r}$,displacement (https://app.notion.com/p/displacement-3c0b24cf917a807a8266c0d59f1ad578?pvs=21),Steven Jenkins,"August 18, 2026 10:32 AM"
vector r,${\boldsymbol r}$,position vector (https://app.notion.com/p/position-vector-3c0b24cf917a8009b24dc1f380c57be9?pvs=21),Steven Jenkins,"August 18, 2026 10:32 AM"
rho,$\rho$,"radial distance (https://app.notion.com/p/radial-distance-3c0b24cf917a8054bf0cf1247a03a76a?pvs=21), radius of curvature (https://app.notion.com/p/radius-of-curvature-3c0b24cf917a80fd946dfc558ccee9cd?pvs=21), mass density (https://app.notion.com/p/mass-density-3c0b24cf917a802e9e9acd29964ff008?pvs=21)",Steven Jenkins,"August 18, 2026 10:00 AM"
r_Q,${\boldsymbol r}_Q$,radial distance (https://app.notion.com/p/radial-distance-3c0b24cf917a8054bf0cf1247a03a76a?pvs=21),Steven Jenkins,"August 18, 2026 9:44 PM"
s,$s$,path length (https://app.notion.com/p/path-length-3c0b24cf917a8060b327d73155cc8440?pvs=21),Steven Jenkins,"August 18, 2026 10:01 AM"
R,$R$,radius (https://app.notion.com/p/radius-3c0b24cf917a80398d37d9478b4f3118?pvs=21),Steven Jenkins,"August 18, 2026 10:01 AM"
r,$r$,"radius (https://app.notion.com/p/radius-3c0b24cf917a80398d37d9478b4f3118?pvs=21), distance (https://app.notion.com/p/distance-3c0b24cf917a807889e2f4a8cc76a6ea?pvs=21)",Steven Jenkins,"August 18, 2026 10:01 AM"
D,$D$,diameter (https://app.notion.com/p/diameter-3c0b24cf917a802a821ddc88b63514d6?pvs=21),Steven Jenkins,"August 18, 2026 10:01 AM"
delta,$\delta$,"thickness (https://app.notion.com/p/thickness-3c0b24cf917a80adb1b9e5b7be0f7fd1?pvs=21), damping coefficient (https://app.notion.com/p/damping-coefficient-3c0b24cf917a80428cead16a5a83c19b?pvs=21)",Steven Jenkins,"August 18, 2026 10:01 AM"
d,$d$,"diameter (https://app.notion.com/p/diameter-3c0b24cf917a802a821ddc88b63514d6?pvs=21), distance (https://app.notion.com/p/distance-3c0b24cf917a807889e2f4a8cc76a6ea?pvs=21), thickness (https://app.notion.com/p/thickness-3c0b24cf917a80adb1b9e5b7be0f7fd1?pvs=21), relative mass density (https://app.notion.com/p/relative-mass-density-3c0b24cf917a8000ac1ae04ee8cb3bfc?pvs=21)",Steven Jenkins,"August 18, 2026 10:02 AM"
H,$H$,height (https://app.notion.com/p/height-3c0b24cf917a805a91d6c10c8d76471d?pvs=21),Steven Jenkins,"August 18, 2026 10:02 AM"
h,$h$,height (https://app.notion.com/p/height-3c0b24cf917a805a91d6c10c8d76471d?pvs=21),Steven Jenkins,"August 18, 2026 10:03 AM"
B,$B$,"width (https://app.notion.com/p/width-3c0b24cf917a80dda43bc3e89d696923?pvs=21), modulus of compression (https://app.notion.com/p/modulus-of-compression-3c2b24cf917a80c5b3aacae8e13e4d11?pvs=21)",Steven Jenkins,"August 20, 2026 11:22 AM"
b,$b$,width (https://app.notion.com/p/width-3c0b24cf917a80dda43bc3e89d696923?pvs=21),Steven Jenkins,"August 18, 2026 10:03 AM"
N,$N$,rotation (https://app.notion.com/p/rotation-3c0b24cf917a8051a754d0ffc137578e?pvs=21),Steven Jenkins,"August 18, 2026 10:35 AM"
tau,$\tau$,"time constant (https://app.notion.com/p/time-constant-3c0b24cf917a8060b1fcce89ecf3fd8a?pvs=21), shear stress (https://app.notion.com/p/shear-stress-3c0b24cf917a80399594d148608fd42b?pvs=21)",Steven Jenkins,"August 18, 2026 10:34 AM"
vector alpha,${\boldsymbol \alpha}$,angular acceleration (https://app.notion.com/p/angular-acceleration-3c0b24cf917a80f5ad3cdb2352dd33df?pvs=21),Steven Jenkins,"August 18, 2026 10:33 AM"
vector omega,${\boldsymbol \omega}$,angular velocity (https://app.notion.com/p/angular-velocity-3c0b24cf917a8008b79eddd4f544ea28?pvs=21),Steven Jenkins,"August 18, 2026 10:32 AM"
vector a,${\boldsymbol a}$,acceleration (https://app.notion.com/p/acceleration-930a29bda1dd4636ba0a2fb756f7a81b?pvs=21),Steven Jenkins,"August 18, 2026 10:32 AM"
v,$v$,"speed (https://app.notion.com/p/speed-3bfb24cf917a80358670d4ebb7300133?pvs=21), phase velocity (https://app.notion.com/p/phase-velocity-3c0b24cf917a8014aafdd2ab7d3b7078?pvs=21), specific volume (https://app.notion.com/p/specific-volume-3c1b24cf917a80f0bfa1f03a0c92f35c?pvs=21), kinematic viscosity (https://app.notion.com/p/kinematic-viscosity-3c2b24cf917a8098972ffe2c4cc778b2?pvs=21)",Steven Jenkins,"August 18, 2026 11:08 PM"
(v),$(v)$,velocity (https://app.notion.com/p/velocity-7588f9e6bb1d437e90087ee207cfcfbd?pvs=21),Steven Jenkins,"August 18, 2026 10:18 AM"
vector v,${\boldsymbol v}$,velocity (https://app.notion.com/p/velocity-7588f9e6bb1d437e90087ee207cfcfbd?pvs=21),Steven Jenkins,"August 18, 2026 9:45 PM"
Omega,$\Omega$,solid angular measure (https://app.notion.com/p/solid-angular-measure-c47e246c4418476795cf05f4699364c4?pvs=21),Steven Jenkins,"August 18, 2026 10:15 AM"
eta,$\eta$,"rotational frequency (https://app.notion.com/p/rotational-frequency-3c0b24cf917a8048982eff8488ec9d9c?pvs=21), dynamic viscosity (https://app.notion.com/p/dynamic-viscosity-3c2b24cf917a808ebaa3cb06093be146?pvs=21), efficiency (https://app.notion.com/p/efficiency-3c2b24cf917a805a8952ce96d51624ad?pvs=21)",Steven Jenkins,"August 18, 2026 10:37 AM"
nu,$\nu$,frequency (https://app.notion.com/p/frequency-e5df97e5bc5e4bf5a508a7e2d2ae5411?pvs=21),Steven Jenkins,"August 18, 2026 10:37 AM"
f,$f$,frequency (https://app.notion.com/p/frequency-e5df97e5bc5e4bf5a508a7e2d2ae5411?pvs=21),Steven Jenkins,"August 18, 2026 10:37 AM"
omega,$\omega$,angular frequency (https://app.notion.com/p/angular-frequency-3c0b24cf917a802791a9c0e7f545a8e6?pvs=21),Steven Jenkins,"August 18, 2026 10:48 AM"
lambda,$\lambda$,wavelength (https://app.notion.com/p/wavelength-3c0b24cf917a800985adc6f1a9c69ed8?pvs=21),Steven Jenkins,"August 18, 2026 10:51 AM"
sigma,$\sigma$,"repetency (https://app.notion.com/p/repetency-3c0b24cf917a8019b12afd8eca0767c8?pvs=21), stress (https://app.notion.com/p/stress-3c2b24cf917a803bb8d2ef383ecd6e96?pvs=21), normal stress (https://app.notion.com/p/normal-stress-3c2b24cf917a80528976f3243f3e6297?pvs=21), surface tension (https://app.notion.com/p/surface-tension-3c2b24cf917a80459041fec2673f4779?pvs=21)",Steven Jenkins,"August 18, 2026 11:55 AM"
v bar,$\bar{v}$,repetency (https://app.notion.com/p/repetency-3c0b24cf917a8019b12afd8eca0767c8?pvs=21),Steven Jenkins,"August 18, 2026 11:54 AM"
vector k,${\boldsymbol k}$,wave vector (https://app.notion.com/p/wave-vector-3c0b24cf917a800296cfd473c1d5d772?pvs=21),Steven Jenkins,"August 18, 2026 11:59 AM"
k,$k$,angular repetency (https://app.notion.com/p/angular-repetency-3c0b24cf917a802882c0f90a754bf853?pvs=21),Steven Jenkins,"August 18, 2026 12:01 PM"
c,$c$,phase velocity (https://app.notion.com/p/phase-velocity-3c0b24cf917a8014aafdd2ab7d3b7078?pvs=21),Steven Jenkins,"August 18, 2026 12:17 PM"
c_phi,$c_\phi$,phase velocity (https://app.notion.com/p/phase-velocity-3c0b24cf917a8014aafdd2ab7d3b7078?pvs=21),Steven Jenkins,"August 20, 2026 10:05 AM"
v sub phi,$v_\phi$,phase velocity (https://app.notion.com/p/phase-velocity-3c0b24cf917a8014aafdd2ab7d3b7078?pvs=21),Steven Jenkins,"August 18, 2026 12:16 PM"
c_g,$c_{\rm g}$,group velocity (https://app.notion.com/p/group-velocity-3c0b24cf917a808a8690db827c5d9a58?pvs=21),Steven Jenkins,"August 20, 2026 10:05 AM"
v sub g,$v_{\rm g}$,group velocity (https://app.notion.com/p/group-velocity-3c0b24cf917a808a8690db827c5d9a58?pvs=21),Steven Jenkins,"August 18, 2026 12:20 PM"
Lambda,$\Lambda$,logarithmic decrement (https://app.notion.com/p/logarithmic-decrement-3c0b24cf917a80bbae7ae130bd442258?pvs=21),Steven Jenkins,"August 18, 2026 12:25 PM"
rho_A,$\rho_A$,surface mass density (https://app.notion.com/p/surface-mass-density-3c1b24cf917a80269a29f1c5309c29f5?pvs=21),Steven Jenkins,"August 18, 2026 9:45 PM"
rho_l,$\rho_l$,linear mass density density (https://app.notion.com/p/linear-mass-density-density-3c1b24cf917a80da9141c6027d9ec629?pvs=21),Steven Jenkins,"August 18, 2026 9:45 PM"
vector p,$\boldsymbol p$,momentum (https://app.notion.com/p/momentum-3c1b24cf917a808ea97fc672a1fd938d?pvs=21),Steven Jenkins,"August 18, 2026 9:35 PM"
vector F,$\boldsymbol F$,force (https://app.notion.com/p/force-2c13ac89368d4e81aafd213bd889562e?pvs=21),Steven Jenkins,"August 18, 2026 9:37 PM"
vector F_g,$\boldsymbol F_\mathrm g$,weight (https://app.notion.com/p/weight-3c1b24cf917a80a797b7ca4f94c4b8e4?pvs=21),Steven Jenkins,"August 18, 2026 9:43 PM"
G,$G$,modulus of rigidity (https://app.notion.com/p/modulus-of-rigidity-3c2b24cf917a80dbaa1ac1a861b91116?pvs=21),Steven Jenkins,"August 18, 2026 9:52 PM"
vector I,$\boldsymbol I$,impulse (https://app.notion.com/p/impulse-3c1b24cf917a8046a454ef8047f80e9f?pvs=21),Steven Jenkins,"August 18, 2026 10:20 PM"
rho_m,$\rho_m$,mass density (https://app.notion.com/p/mass-density-3c0b24cf917a802e9e9acd29964ff008?pvs=21),Steven Jenkins,"August 18, 2026 11:00 PM"
vector J,$\boldsymbol J$,moment of inertia (https://app.notion.com/p/moment-of-inertia-af03ebb9f77c44da985cccfde87d3751?pvs=21),Steven Jenkins,"August 20, 2026 12:07 AM"
vector F_s,$\boldsymbol F_{\mathrm s}$,static friction force (https://app.notion.com/p/static-friction-force-3c2b24cf917a8021ae63ce4a1f0dc75e?pvs=21),Steven Jenkins,"August 20, 2026 7:21 AM"
vector F_mu,$\boldsymbol F_{\mathrm \mu}$,kinetic friction force (https://app.notion.com/p/kinetic-friction-force-3c2b24cf917a80f9a7e8e16e50aae95e?pvs=21),Steven Jenkins,"August 20, 2026 7:20 AM"
vector F_rr,$\boldsymbol F_{\mathrm rr}$,rolling resistance (https://app.notion.com/p/rolling-resistance-3c2b24cf917a8032845ee710e6227eed?pvs=21),Steven Jenkins,"August 20, 2026 7:21 AM"
vector F_D,$\boldsymbol F_{\mathrm D}$,drag force (https://app.notion.com/p/drag-force-3c2b24cf917a808bb8edf4e677d1d118?pvs=21),Steven Jenkins,"August 20, 2026 7:19 AM"
vector M,$\boldsymbol M$,moment of force (https://app.notion.com/p/moment-of-force-3c2b24cf917a8063b26cdd861ee00967?pvs=21),Steven Jenkins,"August 20, 2026 8:11 AM"
M_Q,$M_{\mathrm Q}$,torque (https://app.notion.com/p/torque-3c2b24cf917a80e58d2ce38526bec133?pvs=21),Steven Jenkins,"August 20, 2026 8:42 AM"
vector H,$\boldsymbol H$,angular impulse (https://app.notion.com/p/angular-impulse-3c2b24cf917a80159294cf445a3cd8f8?pvs=21),Steven Jenkins,"August 20, 2026 9:41 AM"
p,$p$,pressure (https://app.notion.com/p/pressure-96c74225d7db4a7c8d549a9396a5669f?pvs=21),Steven Jenkins,"August 20, 2026 9:44 AM"
p_e,$p_{\mathrm e}$,gauge pressure (https://app.notion.com/p/gauge-pressure-3c2b24cf917a80469653f8a324c63978?pvs=21),Steven Jenkins,"August 20, 2026 9:44 AM"
vector L,$\boldsymbol L$,angular momentum (https://app.notion.com/p/angular-momentum-3c2b24cf917a801d975af13e75775632?pvs=21),Steven Jenkins,"August 20, 2026 9:45 AM"
sigma_n,$\sigma_{\mathrm n}$,normal stress (https://app.notion.com/p/normal-stress-3c2b24cf917a80528976f3243f3e6297?pvs=21),Steven Jenkins,"August 20, 2026 9:54 AM"
tau_s,$\tau_{\mathrm s}$,shear stress (https://app.notion.com/p/shear-stress-3c0b24cf917a80399594d148608fd42b?pvs=21),Steven Jenkins,"August 20, 2026 10:04 AM"
vector epsilon,$\boldsymbol \epsilon$,strain (https://app.notion.com/p/strain-3c2b24cf917a802b8149d65c0901be27?pvs=21),Steven Jenkins,"August 20, 2026 10:09 AM"
epsilon,$\epsilon$,relative linear strain (https://app.notion.com/p/relative-linear-strain-3c2b24cf917a8079a86ce8e7d79be32d?pvs=21),Steven Jenkins,"August 20, 2026 10:14 AM"
(e),$(e)$,relative linear strain (https://app.notion.com/p/relative-linear-strain-3c2b24cf917a8079a86ce8e7d79be32d?pvs=21),Steven Jenkins,"August 20, 2026 1:21 PM"
E,$E$,"modulus of elasticity (https://app.notion.com/p/modulus-of-elasticity-3c2b24cf917a804c8ea8d1a611d0dad4?pvs=21), kinetic energy (https://app.notion.com/p/kinetic-energy-3c0b24cf917a80ebaeddd50a4a76da51?pvs=21), mechanical energy (https://app.notion.com/p/mechanical-energy-3c0b24cf917a80a9a58bd348c1741848?pvs=21)",Steven Jenkins,"August 20, 2026 11:14 AM"
E_m,$E_{\mathrm m}$,modulus of elasticity (https://app.notion.com/p/modulus-of-elasticity-3c2b24cf917a804c8ea8d1a611d0dad4?pvs=21),Steven Jenkins,"August 20, 2026 11:14 AM"
Y,$Y$,modulus of elasticity (https://app.notion.com/p/modulus-of-elasticity-3c2b24cf917a804c8ea8d1a611d0dad4?pvs=21),Steven Jenkins,"August 20, 2026 11:15 AM"
K,$K$,modulus of compression (https://app.notion.com/p/modulus-of-compression-3c2b24cf917a80c5b3aacae8e13e4d11?pvs=21),Steven Jenkins,"August 20, 2026 11:23 AM"
K_m,$K_{\mathrm m}$,modulus of compression (https://app.notion.com/p/modulus-of-compression-3c2b24cf917a80c5b3aacae8e13e4d11?pvs=21),Steven Jenkins,"August 20, 2026 11:24 AM"
I_a,$I_{\mathrm a}$,second axial moment of area (https://app.notion.com/p/second-axial-moment-of-area-3c2b24cf917a80e5a283e0ce84398cb5?pvs=21),Steven Jenkins,"August 20, 2026 11:57 AM"
I_p,$I_{\mathrm p}$,second polar moment of area (https://app.notion.com/p/second-polar-moment-of-area-3c2b24cf917a801da507d9a04c051e1f?pvs=21),Steven Jenkins,"August 20, 2026 12:53 PM"
Z,$Z$,section modulus (https://app.notion.com/p/section-modulus-3c2b24cf917a80458bcbc0756d8390da?pvs=21),Steven Jenkins,"August 20, 2026 1:21 PM"
(W),$(W)$,section modulus (https://app.notion.com/p/section-modulus-3c2b24cf917a80458bcbc0756d8390da?pvs=21),Steven Jenkins,"August 20, 2026 1:20 PM"
mu_s,$\mu_{\mathrm s}$,static friction coefficient (https://app.notion.com/p/static-friction-coefficient-3c2b24cf917a80fba36cfb181f3a54c8?pvs=21),Steven Jenkins,"August 20, 2026 1:31 PM"
(f_s),$(f_{\mathrm s})$,static friction coefficient (https://app.notion.com/p/static-friction-coefficient-3c2b24cf917a80fba36cfb181f3a54c8?pvs=21),Steven Jenkins,"August 20, 2026 1:32 PM"
mu,$\mu$,kinetic friction factor (https://app.notion.com/p/kinetic-friction-factor-3c2b24cf917a80eaa7abd87a4dfc3d19?pvs=21),Steven Jenkins,"August 20, 2026 1:40 PM"
(f),$(f)$,kinetic friction factor (https://app.notion.com/p/kinetic-friction-factor-3c2b24cf917a80eaa7abd87a4dfc3d19?pvs=21),Steven Jenkins,"August 20, 2026 1:40 PM"
C_rr,$C_{\mathrm rr}$,rolling resistance factor (https://app.notion.com/p/rolling-resistance-factor-3c2b24cf917a80d1be26c22bc9f87ab0?pvs=21),Steven Jenkins,"August 20, 2026 2:03 PM"
c_D,$c_{\mathrm D}$,drag coefficient (https://app.notion.com/p/drag-coefficient-3c2b24cf917a80b4bf23fe2f089155c8?pvs=21),Steven Jenkins,"August 20, 2026 11:34 PM"
P,$P$,power (https://app.notion.com/p/power-6b46a58f6c09450e8f06c8a259a7f386?pvs=21),Steven Jenkins,"August 20, 2026 3:17 PM"
E_p,$E_{\mathrm p}$,potential energy (https://app.notion.com/p/potential-energy-3c0b24cf917a808b8862f519aa141277?pvs=21),Steven Jenkins,"August 20, 2026 3:33 PM"
E_k,$E_{\mathbf k}$,kinetic energy (https://app.notion.com/p/kinetic-energy-3c0b24cf917a80ebaeddd50a4a76da51?pvs=21),Steven Jenkins,"August 20, 2026 3:37 PM"
W,$W$,"mechanical energy (https://app.notion.com/p/mechanical-energy-3c0b24cf917a80a9a58bd348c1741848?pvs=21), mechanical work (https://app.notion.com/p/mechanical-work-484e3ebc766846ad841853990b0e3526?pvs=21)",Steven Jenkins,"August 20, 2026 3:40 PM"
j_m,$\boldsymbol j_m$,mass flow (https://app.notion.com/p/mass-flow-3c2b24cf917a80a68b80f5bb11576eb6?pvs=21),Steven Jenkins,"August 20, 2026 3:56 PM"
q_m,$q_m$,"mass flow rate (https://app.notion.com/p/mass-flow-rate-3c2b24cf917a80ae91b7ccdb72d9ddff?pvs=21), mass change rate (https://app.notion.com/p/mass-change-rate-3c2b24cf917a806f8dc4f5b857a5df21?pvs=21)",Steven Jenkins,"August 20, 2026 4:15 PM"
q_v,$q_{\mathrm v}$,volume flow rate (https://app.notion.com/p/volume-flow-rate-3c3b24cf917a80b0950dfc5bb3685f06?pvs=21),Steven Jenkins,"August 20, 2026 11:21 PM"
(Theta),$(\Theta)$,thermodynamic temperature (https://app.notion.com/p/thermodynamic-temperature-3563a23de696430dba1318bc426334f3?pvs=21),Steven Jenkins,"August 21, 2026 9:28 PM"
alpha_l,$\alpha_l$,linear expansion coefficient (https://app.notion.com/p/linear-expansion-coefficient-3c4b24cf917a801b842fcb3ab55dd5e6?pvs=21),Steven Jenkins,"August 21, 2026 9:52 PM"
alpha_V,$\alpha_V$,cubic expansion coefficient (https://app.notion.com/p/cubic-expansion-coefficient-3c4b24cf917a8019bf8df4a2d5dbeecf?pvs=21),Steven Jenkins,"August 21, 2026 10:01 PM"
upsilon,$\upsilon$,,Steven Jenkins,"August 21, 2026 10:02 PM"