Defining Document,Unit,Symbol,Expressed In Base Units,Expressed in Other SI Units,Type,Referencing Document,ISQ Quantities,Issues,Last edited by,Last edited time
SI Brochure (https://app.notion.com/p/SI-Brochure-199c98b4498d401db8d1b3ca696d8d14?pvs=21),kilogram,kg,,,Base,https://app.notion.com/70dc8fd590b7446cbf9b4a0a6c89c177,mass (https://app.notion.com/p/mass-3e1ff023e9d445899881756103f798f5?pvs=21),,Steven Jenkins,"August 22, 2026 9:03 AM"
SI Brochure (https://app.notion.com/p/SI-Brochure-199c98b4498d401db8d1b3ca696d8d14?pvs=21),newton,N,kg m s⁻²,,Special,https://app.notion.com/70dc8fd590b7446cbf9b4a0a6c89c177,"force (https://app.notion.com/p/force-2c13ac89368d4e81aafd213bd889562e?pvs=21), weight (https://app.notion.com/p/weight-3c1b24cf917a80a797b7ca4f94c4b8e4?pvs=21), kinetic friction force (https://app.notion.com/p/kinetic-friction-force-3c2b24cf917a80f9a7e8e16e50aae95e?pvs=21), static friction force (https://app.notion.com/p/static-friction-force-3c2b24cf917a8021ae63ce4a1f0dc75e?pvs=21), rolling resistance (https://app.notion.com/p/rolling-resistance-3c2b24cf917a8032845ee710e6227eed?pvs=21), drag force (https://app.notion.com/p/drag-force-3c2b24cf917a808bb8edf4e677d1d118?pvs=21)",,Steven Jenkins,"August 22, 2026 9:00 AM"
SI Brochure (https://app.notion.com/p/SI-Brochure-199c98b4498d401db8d1b3ca696d8d14?pvs=21),one,1,,,One,"https://app.notion.com/8688695438424d3e96f09b1e3e4c141b,https://app.notion.com/70dc8fd590b7446cbf9b4a0a6c89c177","rotation (https://app.notion.com/p/rotation-3c0b24cf917a8051a754d0ffc137578e?pvs=21), logarithmic decrement (https://app.notion.com/p/logarithmic-decrement-3c0b24cf917a80bbae7ae130bd442258?pvs=21), relative mass density (https://app.notion.com/p/relative-mass-density-3c0b24cf917a8000ac1ae04ee8cb3bfc?pvs=21), strain (https://app.notion.com/p/strain-3c2b24cf917a802b8149d65c0901be27?pvs=21), relative linear strain (https://app.notion.com/p/relative-linear-strain-3c2b24cf917a8079a86ce8e7d79be32d?pvs=21), shear strain (https://app.notion.com/p/shear-strain-3c2b24cf917a808494b2c69b2e9f2c0b?pvs=21), relative volume strain (https://app.notion.com/p/relative-volume-strain-3c2b24cf917a80249d65c83a66133ef4?pvs=21), Poisson number (https://app.notion.com/p/Poisson-number-3c2b24cf917a8087ade5dacddbc1ce26?pvs=21), static friction coefficient (https://app.notion.com/p/static-friction-coefficient-3c2b24cf917a80fba36cfb181f3a54c8?pvs=21), kinetic friction factor (https://app.notion.com/p/kinetic-friction-factor-3c2b24cf917a80eaa7abd87a4dfc3d19?pvs=21), rolling resistance factor (https://app.notion.com/p/rolling-resistance-factor-3c2b24cf917a80d1be26c22bc9f87ab0?pvs=21), drag coefficient (https://app.notion.com/p/drag-coefficient-3c2b24cf917a80b4bf23fe2f089155c8?pvs=21), efficiency (https://app.notion.com/p/efficiency-3c2b24cf917a805a8952ce96d51624ad?pvs=21)",,Steven Jenkins,"August 22, 2026 9:27 AM"
SI Brochure (https://app.notion.com/p/SI-Brochure-199c98b4498d401db8d1b3ca696d8d14?pvs=21),weber,Wb,kg m² s⁻² A⁻¹,V s,Special,https://app.notion.com/a1d9eab4687e44e1a85a1269d9c17f42,magnetic flux (https://app.notion.com/p/magnetic-flux-8210cf2c146a4282b5cb2ce1e628e4df?pvs=21),,Steven Jenkins,"August 22, 2026 9:07 AM"
SI Brochure (https://app.notion.com/p/SI-Brochure-199c98b4498d401db8d1b3ca696d8d14?pvs=21),siemens,S,kg⁻¹ m⁻² s³ A²,A/V,Special,https://app.notion.com/a1d9eab4687e44e1a85a1269d9c17f42,electrical conductance (https://app.notion.com/p/electrical-conductance-a0f6433592934ccea15da0cbc684641f?pvs=21),,Steven Jenkins,"August 22, 2026 9:07 AM"
SI Brochure (https://app.notion.com/p/SI-Brochure-199c98b4498d401db8d1b3ca696d8d14?pvs=21),sievert,Sv,m² s⁻²,J/kg,Special,https://app.notion.com/43276c559571474cb99432ee2fe109e7,equivalent dose (https://app.notion.com/p/equivalent-dose-01c06b22739d47e589aecee8b467eab5?pvs=21),,Steven Jenkins,"August 22, 2026 9:08 AM"
SI Brochure (https://app.notion.com/p/SI-Brochure-199c98b4498d401db8d1b3ca696d8d14?pvs=21),katal,kat,mol s⁻¹,,Special,https://app.notion.com/118d95dffdd445ec88175fa3a35c95c9,catalytic activity (https://app.notion.com/p/catalytic-activity-e3f537502edc48ce8b7896b316685038?pvs=21),,Steven Jenkins,"August 22, 2026 9:00 AM"
SI Brochure (https://app.notion.com/p/SI-Brochure-199c98b4498d401db8d1b3ca696d8d14?pvs=21),gray,Gy,m² s⁻²,J/kg,Special,https://app.notion.com/43276c559571474cb99432ee2fe109e7,absorbed dose (https://app.notion.com/p/absorbed-dose-7839f5c6e61b489cbcae5cc77d5dc48c?pvs=21),,Steven Jenkins,"August 22, 2026 9:09 AM"
SI Brochure (https://app.notion.com/p/SI-Brochure-199c98b4498d401db8d1b3ca696d8d14?pvs=21),lux,lx,cd sr m⁻²,lm/m²,Special,https://app.notion.com/3f5c34443dde4c8a86a863db6c59f421,illuminance (https://app.notion.com/p/illuminance-fd79f64a87b34930b84b52df479c7b59?pvs=21),not base units (https://app.notion.com/p/not-base-units-3c4b24cf917a80e984bbde96422a8b2d?pvs=21),Steven Jenkins,"August 22, 2026 9:09 AM"
SI Brochure (https://app.notion.com/p/SI-Brochure-199c98b4498d401db8d1b3ca696d8d14?pvs=21),becquerel,Bq,s⁻¹,,Special,https://app.notion.com/43276c559571474cb99432ee2fe109e7,activity of a radionuclide (https://app.notion.com/p/activity-of-a-radionuclide-cdaf735460f64f6d862d48281a72dca2?pvs=21),,Steven Jenkins,"August 22, 2026 9:00 AM"
SI Brochure (https://app.notion.com/p/SI-Brochure-199c98b4498d401db8d1b3ca696d8d14?pvs=21),henry,H,kg m² s⁻² A⁻²,Wb/A,Special,https://app.notion.com/a1d9eab4687e44e1a85a1269d9c17f42,inductance (https://app.notion.com/p/inductance-b7aa6082072c411c9cd7283f0facf29a?pvs=21),,Steven Jenkins,"August 22, 2026 9:10 AM"
SI Brochure (https://app.notion.com/p/SI-Brochure-199c98b4498d401db8d1b3ca696d8d14?pvs=21),lumen,lm,cd sr,cd sr,Special,https://app.notion.com/3f5c34443dde4c8a86a863db6c59f421,luminous flux (https://app.notion.com/p/luminous-flux-996ee7bec38a4ecc90951a80010daf65?pvs=21),not base units (https://app.notion.com/p/not-base-units-3c4b24cf917a80e984bbde96422a8b2d?pvs=21),Steven Jenkins,"August 22, 2026 9:10 AM"
SI Brochure (https://app.notion.com/p/SI-Brochure-199c98b4498d401db8d1b3ca696d8d14?pvs=21),tesla,T,kg s⁻² A⁻¹,Wb/m²,Special,https://app.notion.com/a1d9eab4687e44e1a85a1269d9c17f42,magnetic flux density (https://app.notion.com/p/magnetic-flux-density-5dbcc837f1c44c73bb3de6b6cd51c8f7?pvs=21),,Steven Jenkins,"August 22, 2026 9:11 AM"
SI Brochure (https://app.notion.com/p/SI-Brochure-199c98b4498d401db8d1b3ca696d8d14?pvs=21),steradian,sr,,1,Special,https://app.notion.com/8688695438424d3e96f09b1e3e4c141b,solid angular measure (https://app.notion.com/p/solid-angular-measure-c47e246c4418476795cf05f4699364c4?pvs=21),,Steven Jenkins,"August 22, 2026 9:12 AM"
SI Brochure (https://app.notion.com/p/SI-Brochure-199c98b4498d401db8d1b3ca696d8d14?pvs=21),radian,rad,,1,Special,https://app.notion.com/8688695438424d3e96f09b1e3e4c141b,"angular measure (https://app.notion.com/p/angular-measure-857d6f7e1f5e4a059bc2c801ac2c0c0c?pvs=21), phase angle (https://app.notion.com/p/phase-angle-3c0b24cf917a809290b8fdd7c6e29b96?pvs=21), rotational displacement (https://app.notion.com/p/rotational-displacement-3c0b24cf917a808ca18becd92a0e2c83?pvs=21)",,Steven Jenkins,"August 22, 2026 9:12 AM"
SI Brochure (https://app.notion.com/p/SI-Brochure-199c98b4498d401db8d1b3ca696d8d14?pvs=21),farad,F,kg⁻¹ m⁻² s⁴ A²,C/V,Special,https://app.notion.com/a1d9eab4687e44e1a85a1269d9c17f42,capacitance (https://app.notion.com/p/capacitance-bbd31546c535427d90ed8a1373ddd696?pvs=21),,Steven Jenkins,"August 22, 2026 9:13 AM"
SI Brochure (https://app.notion.com/p/SI-Brochure-199c98b4498d401db8d1b3ca696d8d14?pvs=21),ohm,Ω,kg m² s⁻³ A⁻²,V/A,Special,https://app.notion.com/a1d9eab4687e44e1a85a1269d9c17f42,electrical resistance (https://app.notion.com/p/electrical-resistance-c5d77d8674b0475b8637bed93d7226b8?pvs=21),,Steven Jenkins,"August 22, 2026 9:14 AM"
SI Brochure (https://app.notion.com/p/SI-Brochure-199c98b4498d401db8d1b3ca696d8d14?pvs=21),volt,V,kg m² s⁻³ A⁻¹,W/A,Special,https://app.notion.com/a1d9eab4687e44e1a85a1269d9c17f42,electric potential (https://app.notion.com/p/electric-potential-45f631bad7394d6092303d432bcb41a4?pvs=21),,Steven Jenkins,"August 22, 2026 9:18 AM"
SI Brochure (https://app.notion.com/p/SI-Brochure-199c98b4498d401db8d1b3ca696d8d14?pvs=21),coulomb,C,A s,,Special,https://app.notion.com/a1d9eab4687e44e1a85a1269d9c17f42,electric charge (https://app.notion.com/p/electric-charge-6abb1b91f2a44da0a7e14783db2cf97e?pvs=21),not base units (https://app.notion.com/p/not-base-units-3c4b24cf917a80e984bbde96422a8b2d?pvs=21),Steven Jenkins,"August 22, 2026 9:15 AM"
SI Brochure (https://app.notion.com/p/SI-Brochure-199c98b4498d401db8d1b3ca696d8d14?pvs=21),hertz,Hz,s⁻¹,,Special,https://app.notion.com/8688695438424d3e96f09b1e3e4c141b,frequency (https://app.notion.com/p/frequency-e5df97e5bc5e4bf5a508a7e2d2ae5411?pvs=21),,Steven Jenkins,"August 22, 2026 9:00 AM"
SI Brochure (https://app.notion.com/p/SI-Brochure-199c98b4498d401db8d1b3ca696d8d14?pvs=21),pascal,Pa,kg m⁻¹ s⁻²,N/m²,Special,https://app.notion.com/70dc8fd590b7446cbf9b4a0a6c89c177,"pressure (https://app.notion.com/p/pressure-96c74225d7db4a7c8d549a9396a5669f?pvs=21), shear stress (https://app.notion.com/p/shear-stress-3c0b24cf917a80399594d148608fd42b?pvs=21), gauge pressure (https://app.notion.com/p/gauge-pressure-3c2b24cf917a80469653f8a324c63978?pvs=21), stress (https://app.notion.com/p/stress-3c2b24cf917a803bb8d2ef383ecd6e96?pvs=21), normal stress (https://app.notion.com/p/normal-stress-3c2b24cf917a80528976f3243f3e6297?pvs=21), modulus of elasticity (https://app.notion.com/p/modulus-of-elasticity-3c2b24cf917a804c8ea8d1a611d0dad4?pvs=21), modulus of rigidity (https://app.notion.com/p/modulus-of-rigidity-3c2b24cf917a80dbaa1ac1a861b91116?pvs=21), modulus of compression (https://app.notion.com/p/modulus-of-compression-3c2b24cf917a80c5b3aacae8e13e4d11?pvs=21)",,Steven Jenkins,"August 22, 2026 9:19 AM"
SI Brochure (https://app.notion.com/p/SI-Brochure-199c98b4498d401db8d1b3ca696d8d14?pvs=21),watt,W,kg m² s⁻³,J/s,Special,https://app.notion.com/70dc8fd590b7446cbf9b4a0a6c89c177,power (https://app.notion.com/p/power-6b46a58f6c09450e8f06c8a259a7f386?pvs=21),,Steven Jenkins,"August 22, 2026 9:26 AM"
SI Brochure (https://app.notion.com/p/SI-Brochure-199c98b4498d401db8d1b3ca696d8d14?pvs=21),joule,J,kg m² s⁻²,N m,Special,https://app.notion.com/70dc8fd590b7446cbf9b4a0a6c89c177,"mechanical work (https://app.notion.com/p/mechanical-work-484e3ebc766846ad841853990b0e3526?pvs=21), potential energy (https://app.notion.com/p/potential-energy-3c0b24cf917a808b8862f519aa141277?pvs=21), kinetic energy (https://app.notion.com/p/kinetic-energy-3c0b24cf917a80ebaeddd50a4a76da51?pvs=21), mechanical energy (https://app.notion.com/p/mechanical-energy-3c0b24cf917a80a9a58bd348c1741848?pvs=21)",,Steven Jenkins,"August 22, 2026 9:27 AM"
SI Brochure (https://app.notion.com/p/SI-Brochure-199c98b4498d401db8d1b3ca696d8d14?pvs=21),candela,cd,cd,,Base,https://app.notion.com/3f5c34443dde4c8a86a863db6c59f421,luminous intensity (https://app.notion.com/p/luminous-intensity-cb38b21d289149768d1ba6a3da6db5bc?pvs=21),,Steven Jenkins,"August 22, 2026 9:00 AM"
SI Brochure (https://app.notion.com/p/SI-Brochure-199c98b4498d401db8d1b3ca696d8d14?pvs=21),mole,mol,mol,,Base,https://app.notion.com/118d95dffdd445ec88175fa3a35c95c9,amount of substance (https://app.notion.com/p/amount-of-substance-891f7d9c5ab149998297aa54a69c2797?pvs=21),,Steven Jenkins,"August 22, 2026 9:00 AM"
SI Brochure (https://app.notion.com/p/SI-Brochure-199c98b4498d401db8d1b3ca696d8d14?pvs=21),kelvin,K,K,,Base,https://app.notion.com/8dbc3a0bdea34e33a8f965869ea8e886,thermodynamic temperature (https://app.notion.com/p/thermodynamic-temperature-3563a23de696430dba1318bc426334f3?pvs=21),,Steven Jenkins,"August 22, 2026 9:00 AM"
SI Brochure (https://app.notion.com/p/SI-Brochure-199c98b4498d401db8d1b3ca696d8d14?pvs=21),ampere,A,A,,Base,https://app.notion.com/a1d9eab4687e44e1a85a1269d9c17f42,electric current (https://app.notion.com/p/electric-current-2ec50445913e4114b8d129774c98cf40?pvs=21),,Steven Jenkins,"August 22, 2026 9:00 AM"
SI Brochure (https://app.notion.com/p/SI-Brochure-199c98b4498d401db8d1b3ca696d8d14?pvs=21),second,s,s,,Base,https://app.notion.com/8688695438424d3e96f09b1e3e4c141b,"duration (https://app.notion.com/p/duration-3639ccb0ce424e6eac600df6c261ab15?pvs=21), time constant (https://app.notion.com/p/time-constant-3c0b24cf917a8060b1fcce89ecf3fd8a?pvs=21), period duration (https://app.notion.com/p/period-duration-3c0b24cf917a80b5ba2ae32422434844?pvs=21)",,Steven Jenkins,"August 22, 2026 9:00 AM"
SI Brochure (https://app.notion.com/p/SI-Brochure-199c98b4498d401db8d1b3ca696d8d14?pvs=21),metre,m,m,,Base,https://app.notion.com/8688695438424d3e96f09b1e3e4c141b,"length (https://app.notion.com/p/length-788561f5dc3b4847b77dac2496bbf737?pvs=21), width (https://app.notion.com/p/width-3c0b24cf917a80dda43bc3e89d696923?pvs=21), height (https://app.notion.com/p/height-3c0b24cf917a805a91d6c10c8d76471d?pvs=21), thickness (https://app.notion.com/p/thickness-3c0b24cf917a80adb1b9e5b7be0f7fd1?pvs=21), diameter (https://app.notion.com/p/diameter-3c0b24cf917a802a821ddc88b63514d6?pvs=21), radius (https://app.notion.com/p/radius-3c0b24cf917a80398d37d9478b4f3118?pvs=21), distance (https://app.notion.com/p/distance-3c0b24cf917a807889e2f4a8cc76a6ea?pvs=21), path length (https://app.notion.com/p/path-length-3c0b24cf917a8060b327d73155cc8440?pvs=21), radial distance (https://app.notion.com/p/radial-distance-3c0b24cf917a8054bf0cf1247a03a76a?pvs=21), position vector (https://app.notion.com/p/position-vector-3c0b24cf917a8009b24dc1f380c57be9?pvs=21), displacement (https://app.notion.com/p/displacement-3c0b24cf917a807a8266c0d59f1ad578?pvs=21), radius of curvature (https://app.notion.com/p/radius-of-curvature-3c0b24cf917a80fd946dfc558ccee9cd?pvs=21), wavelength (https://app.notion.com/p/wavelength-3c0b24cf917a800985adc6f1a9c69ed8?pvs=21)",,Steven Jenkins,"August 22, 2026 9:00 AM"
SI Brochure (https://app.notion.com/p/SI-Brochure-199c98b4498d401db8d1b3ca696d8d14?pvs=21),degree Celsius,℃,K,,Special,https://app.notion.com/8dbc3a0bdea34e33a8f965869ea8e886,Celsius temperature (https://app.notion.com/p/Celsius-temperature-3c4b24cf917a801b8c51d860a7935f86?pvs=21),,Steven Jenkins,"August 22, 2026 9:00 AM"
,kilogram per cubic metre,kg/m³,kg m⁻³,,Derived,https://app.notion.com/70dc8fd590b7446cbf9b4a0a6c89c177,mass density (https://app.notion.com/p/mass-density-3c0b24cf917a802e9e9acd29964ff008?pvs=21),non-SI unit symbols (https://app.notion.com/p/non-SI-unit-symbols-3c4b24cf917a8088bd73d0694a6d78f9?pvs=21),Steven Jenkins,"August 22, 2026 9:47 AM"
,cubic metre per kilogram,m³/kg,kg⁻¹ m³,,Derived,https://app.notion.com/70dc8fd590b7446cbf9b4a0a6c89c177,specific volume (https://app.notion.com/p/specific-volume-3c1b24cf917a80f0bfa1f03a0c92f35c?pvs=21),non-SI unit symbols (https://app.notion.com/p/non-SI-unit-symbols-3c4b24cf917a8088bd73d0694a6d78f9?pvs=21),Steven Jenkins,"August 22, 2026 9:47 AM"
,kilogram per square metre,kg/m²,kg m⁻²,,Derived,https://app.notion.com/70dc8fd590b7446cbf9b4a0a6c89c177,surface mass density (https://app.notion.com/p/surface-mass-density-3c1b24cf917a80269a29f1c5309c29f5?pvs=21),non-SI unit symbols (https://app.notion.com/p/non-SI-unit-symbols-3c4b24cf917a8088bd73d0694a6d78f9?pvs=21),Steven Jenkins,"August 22, 2026 9:47 AM"
,kilogram meter squared,kg m²,kg m²,,Derived,https://app.notion.com/70dc8fd590b7446cbf9b4a0a6c89c177,moment of inertia (https://app.notion.com/p/moment-of-inertia-af03ebb9f77c44da985cccfde87d3751?pvs=21),non-SI unit symbols (https://app.notion.com/p/non-SI-unit-symbols-3c4b24cf917a8088bd73d0694a6d78f9?pvs=21),Steven Jenkins,"August 22, 2026 9:47 AM"
,kilogram meter squared per second,kg m²/s,kg m² s⁻¹,,Derived,https://app.notion.com/70dc8fd590b7446cbf9b4a0a6c89c177,angular momentum (https://app.notion.com/p/angular-momentum-3c2b24cf917a801d975af13e75775632?pvs=21),non-SI unit symbols (https://app.notion.com/p/non-SI-unit-symbols-3c4b24cf917a8088bd73d0694a6d78f9?pvs=21),Steven Jenkins,"August 22, 2026 9:47 AM"
,kilogram per metre,kg/m,kg m⁻¹,,Derived,https://app.notion.com/70dc8fd590b7446cbf9b4a0a6c89c177,linear mass density density (https://app.notion.com/p/linear-mass-density-density-3c1b24cf917a80da9141c6027d9ec629?pvs=21),non-SI unit symbols (https://app.notion.com/p/non-SI-unit-symbols-3c4b24cf917a8088bd73d0694a6d78f9?pvs=21),Steven Jenkins,"August 22, 2026 9:47 AM"
,newton second,N s,kg m s⁻¹,,Derived,https://app.notion.com/70dc8fd590b7446cbf9b4a0a6c89c177,impulse (https://app.notion.com/p/impulse-3c1b24cf917a8046a454ef8047f80e9f?pvs=21),non-SI unit symbols (https://app.notion.com/p/non-SI-unit-symbols-3c4b24cf917a8088bd73d0694a6d78f9?pvs=21),Steven Jenkins,"August 22, 2026 9:47 AM"
,kilogram metre per second,kg m/s,kg m s⁻¹,,Derived,https://app.notion.com/70dc8fd590b7446cbf9b4a0a6c89c177,momentum (https://app.notion.com/p/momentum-3c1b24cf917a808ea97fc672a1fd938d?pvs=21),non-SI unit symbols (https://app.notion.com/p/non-SI-unit-symbols-3c4b24cf917a8088bd73d0694a6d78f9?pvs=21),Steven Jenkins,"August 22, 2026 9:47 AM"
,radian per metre,rad/m,rad m⁻¹,,Derived,https://app.notion.com/8688695438424d3e96f09b1e3e4c141b,phase coefficient (https://app.notion.com/p/phase-coefficient-3c0b24cf917a80d8bec0e26e16f15ff2?pvs=21),non-SI unit symbols (https://app.notion.com/p/non-SI-unit-symbols-3c4b24cf917a8088bd73d0694a6d78f9?pvs=21),Steven Jenkins,"August 22, 2026 9:47 AM"
,one per second,s⁻¹,s⁻¹,,Derived,https://app.notion.com/8688695438424d3e96f09b1e3e4c141b,"rotational frequency (https://app.notion.com/p/rotational-frequency-3c0b24cf917a8048982eff8488ec9d9c?pvs=21), damping coefficient (https://app.notion.com/p/damping-coefficient-3c0b24cf917a80428cead16a5a83c19b?pvs=21)",non-SI unit symbols (https://app.notion.com/p/non-SI-unit-symbols-3c4b24cf917a8088bd73d0694a6d78f9?pvs=21),Steven Jenkins,"August 22, 2026 9:47 AM"
,radian per second,rad/s,rad s⁻¹,,Derived,https://app.notion.com/8688695438424d3e96f09b1e3e4c141b,angular frequency (https://app.notion.com/p/angular-frequency-3c0b24cf917a802791a9c0e7f545a8e6?pvs=21),non-SI unit symbols (https://app.notion.com/p/non-SI-unit-symbols-3c4b24cf917a8088bd73d0694a6d78f9?pvs=21),Steven Jenkins,"August 22, 2026 9:47 AM"
,radian per second cubed,rad s⁻³,rad/s³,,Derived,https://app.notion.com/8688695438424d3e96f09b1e3e4c141b,angular acceleration (https://app.notion.com/p/angular-acceleration-3c0b24cf917a80f5ad3cdb2352dd33df?pvs=21),non-SI unit symbols (https://app.notion.com/p/non-SI-unit-symbols-3c4b24cf917a8088bd73d0694a6d78f9?pvs=21),Steven Jenkins,"August 22, 2026 9:47 AM"
,radian per square second,s⁻²,s⁻²,,Derived,https://app.notion.com/8688695438424d3e96f09b1e3e4c141b,angular velocity (https://app.notion.com/p/angular-velocity-3c0b24cf917a8008b79eddd4f544ea28?pvs=21),non-SI unit symbols (https://app.notion.com/p/non-SI-unit-symbols-3c4b24cf917a8088bd73d0694a6d78f9?pvs=21),Steven Jenkins,"August 22, 2026 9:47 AM"
,metre cubed,m³,m³,,Derived,"https://app.notion.com/8688695438424d3e96f09b1e3e4c141b,https://app.notion.com/70dc8fd590b7446cbf9b4a0a6c89c177","volume (https://app.notion.com/p/volume-3c0b24cf917a80c7a55bc128351ae510?pvs=21), section modulus (https://app.notion.com/p/section-modulus-3c2b24cf917a80458bcbc0756d8390da?pvs=21)",non-SI unit symbols (https://app.notion.com/p/non-SI-unit-symbols-3c4b24cf917a8088bd73d0694a6d78f9?pvs=21),Steven Jenkins,"August 22, 2026 9:47 AM"
,metre squared,m²,m²,,Derived,https://app.notion.com/8688695438424d3e96f09b1e3e4c141b,area (https://app.notion.com/p/area-3c0b24cf917a80948cf9df8690dcfe64?pvs=21),non-SI unit symbols (https://app.notion.com/p/non-SI-unit-symbols-3c4b24cf917a8088bd73d0694a6d78f9?pvs=21),Steven Jenkins,"August 22, 2026 9:47 AM"
,one per metre,m⁻¹,m⁻¹,,Derived,https://app.notion.com/8688695438424d3e96f09b1e3e4c141b,"curvature (https://app.notion.com/p/curvature-3c0b24cf917a800d910ae19f93d69212?pvs=21), repetency (https://app.notion.com/p/repetency-3c0b24cf917a8019b12afd8eca0767c8?pvs=21), wave vector (https://app.notion.com/p/wave-vector-3c0b24cf917a800296cfd473c1d5d772?pvs=21), angular repetency (https://app.notion.com/p/angular-repetency-3c0b24cf917a802882c0f90a754bf853?pvs=21), attenuation (https://app.notion.com/p/attenuation-3c0b24cf917a80e7b07ff4b6fc47e6f2?pvs=21), propagation coefficient (https://app.notion.com/p/propagation-coefficient-3c0b24cf917a804bbf5ffa0c5807eba8?pvs=21)",non-SI unit symbols (https://app.notion.com/p/non-SI-unit-symbols-3c4b24cf917a8088bd73d0694a6d78f9?pvs=21),Steven Jenkins,"August 22, 2026 9:47 AM"
,metre per second,m s⁻¹,m s⁻¹,,Derived,https://app.notion.com/8688695438424d3e96f09b1e3e4c141b,"velocity (https://app.notion.com/p/velocity-7588f9e6bb1d437e90087ee207cfcfbd?pvs=21), speed (https://app.notion.com/p/speed-3bfb24cf917a80358670d4ebb7300133?pvs=21), phase velocity (https://app.notion.com/p/phase-velocity-3c0b24cf917a8014aafdd2ab7d3b7078?pvs=21), group velocity (https://app.notion.com/p/group-velocity-3c0b24cf917a808a8690db827c5d9a58?pvs=21)",non-SI unit symbols (https://app.notion.com/p/non-SI-unit-symbols-3c4b24cf917a8088bd73d0694a6d78f9?pvs=21),Steven Jenkins,"August 22, 2026 9:47 AM"
,metre per square second,m s⁻²,m s⁻²,,Derived,https://app.notion.com/8688695438424d3e96f09b1e3e4c141b,acceleration (https://app.notion.com/p/acceleration-930a29bda1dd4636ba0a2fb756f7a81b?pvs=21),non-SI unit symbols (https://app.notion.com/p/non-SI-unit-symbols-3c4b24cf917a8088bd73d0694a6d78f9?pvs=21),Steven Jenkins,"August 22, 2026 9:47 AM"
,one per kelvin,K⁻¹,K⁻¹,,Derived,https://app.notion.com/8dbc3a0bdea34e33a8f965869ea8e886,"linear expansion coefficient (https://app.notion.com/p/linear-expansion-coefficient-3c4b24cf917a801b842fcb3ab55dd5e6?pvs=21), cubic expansion coefficient (https://app.notion.com/p/cubic-expansion-coefficient-3c4b24cf917a8019bf8df4a2d5dbeecf?pvs=21)",non-SI unit symbols (https://app.notion.com/p/non-SI-unit-symbols-3c4b24cf917a8088bd73d0694a6d78f9?pvs=21),Steven Jenkins,"August 22, 2026 9:47 AM"
,joule second,,kg m² s⁻¹,,Derived,https://app.notion.com/70dc8fd590b7446cbf9b4a0a6c89c177,action (https://app.notion.com/p/action-3c3b24cf917a80d2922dc40c3efd73a5?pvs=21),non-SI unit symbols (https://app.notion.com/p/non-SI-unit-symbols-3c4b24cf917a8088bd73d0694a6d78f9?pvs=21),Steven Jenkins,"August 22, 2026 9:47 AM"
,cubic metre per second,m³ s⁻¹,m³ s⁻¹,,Derived,https://app.notion.com/70dc8fd590b7446cbf9b4a0a6c89c177,volume flow rate (https://app.notion.com/p/volume-flow-rate-3c3b24cf917a80b0950dfc5bb3685f06?pvs=21),non-SI unit symbols (https://app.notion.com/p/non-SI-unit-symbols-3c4b24cf917a8088bd73d0694a6d78f9?pvs=21),Steven Jenkins,"August 22, 2026 9:47 AM"
,kilogram per second,,kg s⁻¹,,Derived,https://app.notion.com/70dc8fd590b7446cbf9b4a0a6c89c177,"mass flow rate (https://app.notion.com/p/mass-flow-rate-3c2b24cf917a80ae91b7ccdb72d9ddff?pvs=21), mass change rate (https://app.notion.com/p/mass-change-rate-3c2b24cf917a806f8dc4f5b857a5df21?pvs=21)",non-SI unit symbols (https://app.notion.com/p/non-SI-unit-symbols-3c4b24cf917a8088bd73d0694a6d78f9?pvs=21),Steven Jenkins,"August 22, 2026 9:47 AM"
,kilogram per square metre per second,,kg m⁻² s⁻¹,,Derived,https://app.notion.com/70dc8fd590b7446cbf9b4a0a6c89c177,mass flow (https://app.notion.com/p/mass-flow-3c2b24cf917a80a68b80f5bb11576eb6?pvs=21),non-SI unit symbols (https://app.notion.com/p/non-SI-unit-symbols-3c4b24cf917a8088bd73d0694a6d78f9?pvs=21),Steven Jenkins,"August 22, 2026 9:47 AM"
,newton metre per second,,kg m² s⁻³,,Derived,https://app.notion.com/70dc8fd590b7446cbf9b4a0a6c89c177,power (https://app.notion.com/p/power-6b46a58f6c09450e8f06c8a259a7f386?pvs=21),non-SI unit symbols (https://app.notion.com/p/non-SI-unit-symbols-3c4b24cf917a8088bd73d0694a6d78f9?pvs=21),Steven Jenkins,"August 22, 2026 9:47 AM"
,newton per metre,,kg s⁻²,,Derived,https://app.notion.com/70dc8fd590b7446cbf9b4a0a6c89c177,surface tension (https://app.notion.com/p/surface-tension-3c2b24cf917a80459041fec2673f4779?pvs=21),non-SI unit symbols (https://app.notion.com/p/non-SI-unit-symbols-3c4b24cf917a8088bd73d0694a6d78f9?pvs=21),Steven Jenkins,"August 22, 2026 9:47 AM"
,pascal second,,kg m⁻¹ s⁻¹,,Derived,https://app.notion.com/70dc8fd590b7446cbf9b4a0a6c89c177,dynamic viscosity (https://app.notion.com/p/dynamic-viscosity-3c2b24cf917a808ebaa3cb06093be146?pvs=21),non-SI unit symbols (https://app.notion.com/p/non-SI-unit-symbols-3c4b24cf917a8088bd73d0694a6d78f9?pvs=21),Steven Jenkins,"August 22, 2026 9:47 AM"
,metre squared per second,,kg m² s⁻¹,,Derived,https://app.notion.com/70dc8fd590b7446cbf9b4a0a6c89c177,kinematic viscosity (https://app.notion.com/p/kinematic-viscosity-3c2b24cf917a8098972ffe2c4cc778b2?pvs=21),non-SI unit symbols (https://app.notion.com/p/non-SI-unit-symbols-3c4b24cf917a8088bd73d0694a6d78f9?pvs=21),Steven Jenkins,"August 22, 2026 9:47 AM"
,metre to the fourth power,,m⁴,,Derived,https://app.notion.com/70dc8fd590b7446cbf9b4a0a6c89c177,"second axial moment of area (https://app.notion.com/p/second-axial-moment-of-area-3c2b24cf917a80e5a283e0ce84398cb5?pvs=21), second polar moment of area (https://app.notion.com/p/second-polar-moment-of-area-3c2b24cf917a801da507d9a04c051e1f?pvs=21)",non-SI unit symbols (https://app.notion.com/p/non-SI-unit-symbols-3c4b24cf917a8088bd73d0694a6d78f9?pvs=21),Steven Jenkins,"August 22, 2026 9:47 AM"
,one per pascal,Pa⁻¹,kg⁻¹ m s²,,Derived,https://app.notion.com/70dc8fd590b7446cbf9b4a0a6c89c177,compressibility (https://app.notion.com/p/compressibility-3c2b24cf917a80eca66ae115b6dd9df5?pvs=21),non-SI unit symbols (https://app.notion.com/p/non-SI-unit-symbols-3c4b24cf917a8088bd73d0694a6d78f9?pvs=21),Steven Jenkins,"August 22, 2026 9:47 AM"
,newton per square metre,N m⁻²,kg m⁻¹ s⁻²,,Derived,https://app.notion.com/70dc8fd590b7446cbf9b4a0a6c89c177,"pressure (https://app.notion.com/p/pressure-96c74225d7db4a7c8d549a9396a5669f?pvs=21), gauge pressure (https://app.notion.com/p/gauge-pressure-3c2b24cf917a80469653f8a324c63978?pvs=21), stress (https://app.notion.com/p/stress-3c2b24cf917a803bb8d2ef383ecd6e96?pvs=21), normal stress (https://app.notion.com/p/normal-stress-3c2b24cf917a80528976f3243f3e6297?pvs=21), shear stress (https://app.notion.com/p/shear-stress-3c0b24cf917a80399594d148608fd42b?pvs=21), modulus of elasticity (https://app.notion.com/p/modulus-of-elasticity-3c2b24cf917a804c8ea8d1a611d0dad4?pvs=21), modulus of rigidity (https://app.notion.com/p/modulus-of-rigidity-3c2b24cf917a80dbaa1ac1a861b91116?pvs=21), modulus of compression (https://app.notion.com/p/modulus-of-compression-3c2b24cf917a80c5b3aacae8e13e4d11?pvs=21)",non-SI unit symbols (https://app.notion.com/p/non-SI-unit-symbols-3c4b24cf917a8088bd73d0694a6d78f9?pvs=21),Steven Jenkins,"August 22, 2026 9:47 AM"
,newton metre second,N m s,kg m² s⁻¹,,Derived,https://app.notion.com/70dc8fd590b7446cbf9b4a0a6c89c177,angular impulse (https://app.notion.com/p/angular-impulse-3c2b24cf917a80159294cf445a3cd8f8?pvs=21),non-SI unit symbols (https://app.notion.com/p/non-SI-unit-symbols-3c4b24cf917a8088bd73d0694a6d78f9?pvs=21),Steven Jenkins,"August 22, 2026 9:47 AM"
,newton metre,N m,kg m² s⁻²,,Derived,https://app.notion.com/70dc8fd590b7446cbf9b4a0a6c89c177,"moment of force (https://app.notion.com/p/moment-of-force-3c2b24cf917a8063b26cdd861ee00967?pvs=21), torque (https://app.notion.com/p/torque-3c2b24cf917a80e58d2ce38526bec133?pvs=21)",non-SI unit symbols (https://app.notion.com/p/non-SI-unit-symbols-3c4b24cf917a8088bd73d0694a6d78f9?pvs=21),Steven Jenkins,"August 22, 2026 9:47 AM"